Session_ID,User_ID,City,Device,Session_Date,Age_Group,Is_New_User
SES1001,USR754,Mumbai,Android,2024-05-20,25-34,Yes
SES1002,USR242,Mumbai,Web,2024-10-06,18-24,No
SES1003,USR532,Delhi,Android,2024-02-17,25-34,Yes
SES1004,USR617,Delhi,Web,2024-04-11,45+,Yes
SES1005,USR559,Chennai,Android,2024-03-22,45+,No
SES1006,USR384,Bangalore,Android,2024-06-21,18-24,Yes
SES1007,USR489,Mumbai,iOS,2024-06-25,35-44,Yes
SES1008,USR570,Mumbai,iOS,2024-02-10,35-44,No
SES1009,USR470,Hyderabad,Web,2024-02-05,18-24,Yes
SES1010,USR396,Mumbai,Android,2024-02-21,45+,No
SES1011,USR564,Pune,Android,2024-07-08,35-44,Yes
SES1012,USR786,Chennai,Web,2024-12-15,18-24,No
SES1013,USR750,Bangalore,Web,2024-05-05,25-34,No
SES1014,USR488,Chennai,Web,2024-12-18,25-34,No
SES1015,USR157,Hyderabad,Android,2024-06-10,45+,No
SES1016,USR167,Hyderabad,Web,2024-06-10,25-34,No
SES1017,USR505,Ahmedabad,Android,2024-05-15,25-34,Yes
SES1018,USR674,Chennai,Web,2024-10-26,45+,No
SES1019,USR508,Pune,Android,2024-03-11,45+,Yes
SES1020,USR148,Mumbai,Android,2024-11-17,25-34,No
SES1021,USR710,Mumbai,iOS,2024-07-14,45+,No
SES1022,USR357,Delhi,Web,2024-02-28,35-44,No
SES1023,USR214,Chennai,iOS,2024-03-21,45+,Yes
SES1024,USR369,Bangalore,Web,2024-02-24,35-44,No
SES1025,USR723,Hyderabad,Android,2024-07-10,25-34,No
SES1026,USR643,Delhi,Web,2024-06-14,45+,Yes
SES1027,USR214,Pune,iOS,2024-05-02,18-24,Yes
SES1028,USR680,Mumbai,Android,2024-09-05,18-24,No
SES1029,USR228,Bangalore,Web,2024-08-31,25-34,No
SES1030,USR640,Kolkata,Android,2024-10-03,25-34,No
SES1031,USR508,Pune,iOS,2024-09-21,45+,Yes
SES1032,USR353,Hyderabad,Android,2024-06-22,18-24,No
SES1033,USR667,Hyderabad,Web,2024-04-22,18-24,Yes
SES1034,USR746,Delhi,Android,2024-02-04,18-24,No
SES1035,USR172,Hyderabad,iOS,2024-12-08,45+,Yes
SES1036,USR652,Bangalore,Web,2024-10-19,45+,Yes
SES1037,USR584,Kolkata,Android,2024-02-18,18-24,No
SES1038,USR462,Kolkata,iOS,2024-08-27,18-24,Yes
SES1039,USR162,Kolkata,Web,2024-06-22,18-24,Yes
SES1040,USR296,Hyderabad,Web,2024-08-17,25-34,No
SES1041,USR287,Chennai,iOS,2024-05-07,18-24,No
SES1042,USR663,Mumbai,Android,2024-11-29,18-24,Yes
SES1043,USR342,Bangalore,iOS,2024-09-05,45+,Yes
SES1044,USR510,Delhi,Android,2024-07-13,18-24,No
SES1045,USR371,Ahmedabad,iOS,2024-08-04,45+,Yes
SES1046,USR294,Chennai,Android,2024-01-30,18-24,No
SES1047,USR158,Delhi,Web,2024-09-01,25-34,Yes
SES1048,USR620,Mumbai,Android,2024-02-05,18-24,Yes
SES1049,USR513,Mumbai,Web,2024-05-06,18-24,No
SES1050,USR183,Kolkata,Web,2024-10-25,35-44,No
SES1051,USR309,Pune,Android,2024-05-15,45+,Yes
SES1052,USR787,Chennai,iOS,2024-06-10,18-24,Yes
SES1053,USR569,Mumbai,Android,2024-10-02,25-34,No
SES1054,USR371,Bangalore,iOS,2024-02-05,25-34,No
SES1055,USR391,Bangalore,iOS,2024-10-05,35-44,No
SES1056,USR769,Delhi,Web,2024-10-10,35-44,Yes
SES1057,USR237,Chennai,Android,2024-02-24,25-34,No
SES1058,USR388,Hyderabad,Web,2024-06-24,25-34,No
SES1059,USR617,Ahmedabad,iOS,2024-01-27,18-24,No
SES1060,USR383,Delhi,Android,2024-06-19,25-34,No
SES1061,USR265,Ahmedabad,Web,2024-12-27,45+,No
SES1062,USR109,Mumbai,Android,2024-12-19,25-34,No
SES1063,USR136,Pune,Web,2024-10-09,25-34,No
SES1064,USR230,Delhi,iOS,2024-07-05,18-24,No
SES1065,USR315,Hyderabad,Web,2024-02-22,35-44,No
SES1066,USR516,Bangalore,Android,2024-03-24,25-34,No
SES1067,USR125,Bangalore,Web,2024-06-19,45+,Yes
SES1068,USR373,Bangalore,Web,2024-02-25,45+,Yes
SES1069,USR581,Hyderabad,Android,2024-08-23,35-44,No
SES1070,USR333,Hyderabad,Android,2024-12-03,25-34,No
SES1071,USR436,Chennai,Android,2024-05-22,35-44,No
SES1072,USR509,Pune,Android,2024-02-29,35-44,Yes
SES1073,USR694,Chennai,Android,2024-02-25,45+,No
SES1074,USR421,Kolkata,Web,2024-09-18,18-24,No
SES1075,USR690,Hyderabad,iOS,2024-01-23,45+,Yes
SES1076,USR632,Hyderabad,iOS,2024-08-08,18-24,No
SES1077,USR738,Pune,Web,2024-03-04,35-44,No
SES1078,USR416,Kolkata,iOS,2024-07-25,35-44,No
SES1079,USR230,Hyderabad,iOS,2024-12-06,45+,Yes
SES1080,USR730,Chennai,iOS,2024-10-07,18-24,No
SES1081,USR393,Hyderabad,iOS,2024-10-23,35-44,No
SES1082,USR552,Ahmedabad,Web,2024-04-19,45+,Yes
SES1083,USR774,Mumbai,iOS,2024-09-20,35-44,Yes
SES1084,USR340,Chennai,Android,2024-04-11,25-34,Yes
SES1085,USR147,Hyderabad,iOS,2024-11-08,18-24,No
SES1086,USR524,Hyderabad,Web,2024-12-22,45+,No
SES1087,USR509,Hyderabad,Android,2024-12-01,18-24,Yes
SES1088,USR535,Hyderabad,Android,2024-12-22,45+,Yes
SES1089,USR670,Hyderabad,Android,2024-08-21,25-34,No
SES1090,USR783,Pune,iOS,2024-11-09,45+,No
SES1091,USR556,Bangalore,Web,2024-08-31,45+,No
SES1092,USR353,Chennai,Web,2024-09-05,25-34,No
SES1093,USR550,Mumbai,Web,2024-05-26,25-34,No
SES1094,USR443,Pune,Web,2024-02-11,25-34,Yes
SES1095,USR336,Kolkata,Web,2024-03-19,25-34,Yes
SES1096,USR524,Kolkata,iOS,2024-10-04,45+,No
SES1097,USR163,Hyderabad,iOS,2024-07-18,18-24,No
SES1098,USR489,Ahmedabad,Android,2024-06-29,35-44,No
SES1099,USR529,Hyderabad,iOS,2024-04-22,35-44,No
SES1100,USR597,Delhi,iOS,2024-06-21,45+,Yes
SES1101,USR578,Bangalore,Web,2024-09-30,18-24,No
SES1102,USR706,Delhi,Android,2024-11-25,45+,Yes
SES1103,USR572,Bangalore,Android,2024-05-13,45+,No
SES1104,USR316,Ahmedabad,iOS,2024-06-21,45+,No
SES1105,USR531,Chennai,Android,2024-08-28,18-24,No
SES1106,USR153,Pune,Android,2024-11-28,18-24,Yes
SES1107,USR131,Hyderabad,Android,2024-01-11,25-34,Yes
SES1108,USR229,Ahmedabad,Web,2024-02-28,25-34,No
SES1109,USR362,Pune,Android,2024-11-06,18-24,Yes
SES1110,USR418,Mumbai,Web,2024-01-14,35-44,No
SES1111,USR793,Kolkata,iOS,2024-04-11,18-24,No
SES1112,USR742,Hyderabad,Android,2024-12-22,35-44,No
SES1113,USR223,Delhi,iOS,2024-09-29,45+,No
SES1114,USR170,Pune,Android,2024-08-03,45+,Yes
SES1115,USR543,Pune,Web,2024-08-23,25-34,No
SES1116,USR280,Chennai,Web,2024-10-02,45+,No
SES1117,USR546,Chennai,iOS,2024-05-05,18-24,No
SES1118,USR561,Hyderabad,iOS,2024-10-18,45+,No
SES1119,USR129,Ahmedabad,iOS,2024-04-03,45+,Yes
SES1120,USR463,Chennai,iOS,2024-05-23,35-44,No
SES1121,USR110,Hyderabad,Android,2024-05-03,45+,No
SES1122,USR668,Hyderabad,Web,2024-08-31,45+,No
SES1123,USR117,Mumbai,iOS,2024-04-23,45+,Yes
SES1124,USR413,Pune,iOS,2024-10-10,35-44,No
SES1125,USR663,Pune,iOS,2024-12-25,45+,No
SES1126,USR413,Chennai,Android,2024-03-02,25-34,No
SES1127,USR222,Bangalore,Android,2024-04-20,45+,No
SES1128,USR703,Chennai,Android,2024-04-09,35-44,Yes
SES1129,USR469,Bangalore,iOS,2024-01-08,25-34,No
SES1130,USR146,Delhi,Web,2024-05-29,25-34,No
SES1131,USR205,Delhi,Web,2024-05-25,45+,No
SES1132,USR551,Pune,Android,2024-01-27,35-44,No
SES1133,USR216,Mumbai,iOS,2024-09-08,18-24,No
SES1134,USR744,Delhi,Android,2024-03-17,35-44,Yes
SES1135,USR354,Mumbai,Web,2024-08-01,25-34,No
SES1136,USR489,Ahmedabad,iOS,2024-06-01,45+,No
SES1137,USR682,Delhi,Web,2024-02-20,25-34,Yes
SES1138,USR370,Mumbai,Android,2024-05-02,25-34,No
SES1139,USR176,Bangalore,Android,2024-07-28,45+,No
SES1140,USR581,Chennai,Android,2024-04-28,35-44,No
SES1141,USR564,Mumbai,Web,2024-04-29,35-44,No
SES1142,USR777,Hyderabad,iOS,2024-02-28,25-34,Yes
SES1143,USR372,Bangalore,Android,2024-01-31,25-34,No
SES1144,USR709,Chennai,iOS,2024-03-04,45+,No
SES1145,USR512,Chennai,Web,2024-10-03,45+,No
SES1146,USR182,Delhi,iOS,2024-06-14,35-44,Yes
SES1147,USR193,Hyderabad,Web,2024-10-21,18-24,No
SES1148,USR690,Delhi,Android,2024-08-28,45+,No
SES1149,USR285,Kolkata,Web,2024-09-08,18-24,No
SES1150,USR456,Kolkata,iOS,2024-06-13,18-24,Yes
SES1151,USR437,Kolkata,Web,2024-09-10,35-44,No
SES1152,USR663,Delhi,iOS,2024-02-15,35-44,No
SES1153,USR431,Mumbai,iOS,2024-09-20,18-24,No
SES1154,USR573,Kolkata,Android,2024-04-06,35-44,No
SES1155,USR610,Ahmedabad,Android,2024-04-14,35-44,No
SES1156,USR234,Chennai,iOS,2024-12-23,45+,Yes
SES1157,USR129,Hyderabad,Web,2024-03-22,35-44,No
SES1158,USR114,Kolkata,Android,2024-04-25,18-24,No
SES1159,USR220,Bangalore,iOS,2024-05-29,35-44,No
SES1160,USR594,Ahmedabad,Android,2024-08-21,25-34,No
SES1161,USR295,Bangalore,Android,2024-05-21,45+,No
SES1162,USR619,Chennai,Android,2024-05-24,35-44,No
SES1163,USR693,Ahmedabad,Android,2024-08-16,45+,No
SES1164,USR440,Kolkata,iOS,2024-06-13,25-34,Yes
SES1165,USR685,Kolkata,Android,2024-07-29,18-24,No
SES1166,USR584,Kolkata,iOS,2024-12-05,25-34,No
SES1167,USR137,Bangalore,Web,2024-10-29,35-44,Yes
SES1168,USR550,Mumbai,Web,2024-08-21,18-24,Yes
SES1169,USR519,Bangalore,Android,2024-08-28,35-44,No
SES1170,USR738,Kolkata,Web,2024-02-11,35-44,No
SES1171,USR489,Pune,Web,2024-09-06,18-24,No
SES1172,USR170,Hyderabad,Web,2024-12-16,35-44,Yes
SES1173,USR192,Kolkata,Android,2024-11-20,18-24,No
SES1174,USR270,Chennai,Android,2024-01-24,35-44,Yes
SES1175,USR400,Pune,iOS,2024-08-08,25-34,Yes
SES1176,USR643,Kolkata,Web,2024-12-15,25-34,Yes
SES1177,USR279,Mumbai,Web,2024-07-14,25-34,No
SES1178,USR697,Bangalore,Android,2024-08-24,35-44,No
SES1179,USR361,Delhi,iOS,2024-05-27,25-34,Yes
SES1180,USR552,Pune,Web,2024-06-02,45+,No
SES1181,USR567,Chennai,Android,2024-07-15,45+,Yes
SES1182,USR342,Kolkata,Web,2024-07-02,35-44,No
SES1183,USR122,Kolkata,iOS,2024-01-05,18-24,No
SES1184,USR608,Chennai,Android,2024-11-06,35-44,Yes
SES1185,USR751,Hyderabad,Web,2024-05-08,25-34,Yes
SES1186,USR742,Delhi,iOS,2024-08-13,18-24,No
SES1187,USR473,Bangalore,Android,2024-05-31,35-44,No
SES1188,USR279,Hyderabad,Android,2024-10-03,35-44,No
SES1189,USR613,Chennai,Android,2024-05-11,45+,No
SES1190,USR446,Mumbai,iOS,2024-02-08,25-34,Yes
SES1191,USR792,Kolkata,Web,2024-07-06,18-24,No
SES1192,USR114,Chennai,Web,2024-03-04,45+,No
SES1193,USR788,Chennai,Web,2024-07-14,35-44,Yes
SES1194,USR791,Hyderabad,iOS,2024-01-13,35-44,No
SES1195,USR326,Mumbai,Web,2024-08-25,35-44,No
SES1196,USR219,Bangalore,Android,2024-01-20,35-44,No
SES1197,USR218,Mumbai,Android,2024-10-02,25-34,No
SES1198,USR564,Pune,Web,2024-12-22,45+,No
SES1199,USR258,Kolkata,Web,2024-02-20,45+,No
SES1200,USR517,Chennai,Android,2024-12-19,35-44,Yes
SES1201,USR554,Ahmedabad,Android,2024-07-04,18-24,No
SES1202,USR657,Pune,Android,2024-07-22,35-44,Yes
SES1203,USR225,Ahmedabad,Android,2024-12-05,25-34,No
SES1204,USR121,Delhi,iOS,2024-05-04,25-34,No
SES1205,USR310,Mumbai,Web,2024-04-16,25-34,Yes
SES1206,USR436,Bangalore,Web,2024-01-02,35-44,Yes
SES1207,USR233,Chennai,Android,2024-02-26,18-24,Yes
SES1208,USR115,Pune,Android,2024-10-28,35-44,Yes
SES1209,USR278,Chennai,Android,2024-03-05,45+,No
SES1210,USR216,Mumbai,iOS,2024-08-17,35-44,No
SES1211,USR707,Mumbai,iOS,2024-09-14,25-34,No
SES1212,USR144,Chennai,iOS,2024-11-25,18-24,Yes
SES1213,USR590,Kolkata,iOS,2024-12-17,18-24,No
SES1214,USR554,Mumbai,Android,2024-06-13,25-34,Yes
SES1215,USR229,Chennai,Web,2024-11-20,35-44,No
SES1216,USR711,Chennai,iOS,2024-09-15,45+,Yes
SES1217,USR217,Hyderabad,iOS,2024-08-19,25-34,No
SES1218,USR447,Ahmedabad,iOS,2024-07-31,18-24,No
SES1219,USR537,Pune,Web,2024-05-10,35-44,Yes
SES1220,USR585,Mumbai,Android,2024-02-13,18-24,No
SES1221,USR198,Pune,Android,2024-10-11,18-24,No
SES1222,USR675,Pune,Web,2024-03-03,45+,No
SES1223,USR781,Kolkata,Web,2024-01-27,35-44,No
SES1224,USR419,Pune,Android,2024-10-22,25-34,Yes
SES1225,USR772,Ahmedabad,Android,2024-02-25,35-44,No
SES1226,USR476,Mumbai,iOS,2024-10-20,25-34,No
SES1227,USR674,Delhi,Web,2024-12-02,35-44,Yes
SES1228,USR284,Chennai,Web,2024-06-07,35-44,No
SES1229,USR106,Bangalore,Android,2024-10-16,45+,Yes
SES1230,USR245,Delhi,Android,2024-09-28,25-34,No
SES1231,USR529,Ahmedabad,iOS,2024-03-21,35-44,No
SES1232,USR432,Mumbai,Android,2024-03-20,25-34,No
SES1233,USR150,Mumbai,iOS,2024-08-14,45+,No
SES1234,USR721,Ahmedabad,iOS,2024-05-19,25-34,No
SES1235,USR216,Pune,iOS,2024-02-26,35-44,No
SES1236,USR598,Chennai,Android,2024-04-22,45+,No
SES1237,USR156,Delhi,Android,2024-06-03,25-34,Yes
SES1238,USR361,Chennai,iOS,2024-03-02,18-24,No
SES1239,USR540,Bangalore,Android,2024-07-13,25-34,No
SES1240,USR672,Pune,Android,2024-07-22,18-24,No
SES1241,USR119,Ahmedabad,Android,2024-06-09,45+,No
SES1242,USR514,Kolkata,iOS,2024-02-28,45+,Yes
SES1243,USR432,Bangalore,Web,2024-08-23,35-44,Yes
SES1244,USR547,Mumbai,Android,2024-08-11,45+,No
SES1245,USR180,Kolkata,iOS,2024-06-22,25-34,No
SES1246,USR272,Mumbai,Web,2024-11-20,18-24,No
SES1247,USR622,Hyderabad,iOS,2024-06-28,25-34,Yes
SES1248,USR205,Bangalore,iOS,2024-04-11,25-34,No
SES1249,USR256,Mumbai,Android,2024-11-17,45+,No
SES1250,USR677,Ahmedabad,Web,2024-10-16,35-44,No
SES1251,USR254,Ahmedabad,Android,2024-08-28,45+,No
SES1252,USR381,Delhi,iOS,2024-09-16,18-24,No
SES1253,USR572,Ahmedabad,Android,2024-01-30,35-44,No
SES1254,USR178,Mumbai,Web,2024-10-31,45+,No
SES1255,USR694,Delhi,iOS,2024-10-19,25-34,No
SES1256,USR719,Ahmedabad,Web,2024-03-18,18-24,No
SES1257,USR205,Pune,Web,2024-02-13,25-34,Yes
SES1258,USR353,Ahmedabad,iOS,2024-09-25,25-34,No
SES1259,USR481,Chennai,iOS,2024-07-28,35-44,No
SES1260,USR153,Pune,Android,2024-06-17,18-24,No
SES1261,USR794,Kolkata,iOS,2024-05-09,25-34,No
SES1262,USR183,Bangalore,iOS,2024-06-07,45+,Yes
SES1263,USR709,Mumbai,iOS,2024-10-13,45+,No
SES1264,USR230,Mumbai,Web,2024-12-09,45+,No
SES1265,USR470,Delhi,iOS,2024-06-07,25-34,Yes
SES1266,USR449,Ahmedabad,Android,2024-04-25,25-34,Yes
SES1267,USR179,Chennai,Android,2024-09-16,18-24,No
SES1268,USR732,Bangalore,Web,2024-07-11,25-34,Yes
SES1269,USR285,Bangalore,Web,2024-08-12,18-24,No
SES1270,USR473,Hyderabad,iOS,2024-11-08,35-44,No
SES1271,USR339,Hyderabad,iOS,2024-08-28,25-34,No
SES1272,USR794,Ahmedabad,iOS,2024-05-24,45+,No
SES1273,USR640,Kolkata,Android,2024-04-12,25-34,No
SES1274,USR153,Ahmedabad,iOS,2024-10-10,18-24,No
SES1275,USR227,Chennai,Android,2024-03-23,35-44,No
SES1276,USR625,Bangalore,iOS,2024-02-16,25-34,No
SES1277,USR457,Delhi,iOS,2024-01-28,45+,No
SES1278,USR482,Hyderabad,iOS,2024-02-11,35-44,Yes
SES1279,USR128,Pune,Android,2024-11-28,35-44,Yes
SES1280,USR240,Delhi,iOS,2024-08-29,25-34,No
SES1281,USR559,Delhi,Android,2024-01-10,35-44,Yes
SES1282,USR253,Kolkata,Android,2024-05-27,25-34,No
SES1283,USR224,Delhi,Android,2024-08-02,45+,Yes
SES1284,USR213,Ahmedabad,Web,2024-10-01,18-24,No
SES1285,USR688,Hyderabad,Web,2024-03-14,35-44,No
SES1286,USR101,Pune,Android,2024-10-19,45+,Yes
SES1287,USR780,Mumbai,Web,2024-07-03,18-24,No
SES1288,USR657,Delhi,iOS,2024-08-28,18-24,No
SES1289,USR482,Chennai,Web,2024-01-09,35-44,Yes
SES1290,USR453,Hyderabad,Web,2024-12-02,18-24,No
SES1291,USR440,Bangalore,Android,2024-06-29,35-44,Yes
SES1292,USR575,Ahmedabad,Web,2024-04-03,25-34,Yes
SES1293,USR568,Delhi,iOS,2024-04-13,18-24,Yes
SES1294,USR142,Pune,iOS,2024-09-20,45+,No
SES1295,USR584,Chennai,Android,2024-11-27,25-34,No
SES1296,USR465,Delhi,Web,2024-06-18,35-44,Yes
SES1297,USR476,Kolkata,iOS,2024-08-13,45+,No
SES1298,USR291,Ahmedabad,Web,2024-09-11,35-44,No
SES1299,USR373,Mumbai,Web,2024-08-05,18-24,No
SES1300,USR716,Bangalore,Web,2024-05-30,35-44,Yes
SES1301,USR181,Pune,Web,2024-05-31,35-44,No
SES1302,USR717,Kolkata,Android,2024-12-19,45+,No
SES1303,USR557,Delhi,Web,2024-06-29,45+,No
SES1304,USR754,Delhi,Android,2024-12-09,45+,No
SES1305,USR625,Bangalore,Android,2024-03-14,45+,Yes
SES1306,USR229,Mumbai,Android,2024-11-26,35-44,No
SES1307,USR492,Delhi,Web,2024-03-19,45+,No
SES1308,USR480,Ahmedabad,Android,2024-10-20,25-34,No
SES1309,USR475,Kolkata,iOS,2024-11-28,35-44,Yes
SES1310,USR216,Delhi,Web,2024-04-05,45+,No
SES1311,USR496,Mumbai,iOS,2024-05-13,45+,Yes
SES1312,USR726,Chennai,Web,2024-09-08,25-34,Yes
SES1313,USR238,Mumbai,iOS,2024-03-29,45+,Yes
SES1314,USR798,Pune,Web,2024-06-26,18-24,No
SES1315,USR655,Chennai,iOS,2024-03-21,25-34,No
SES1316,USR620,Hyderabad,Android,2024-04-12,25-34,Yes
SES1317,USR605,Delhi,iOS,2024-10-10,35-44,No
SES1318,USR664,Bangalore,Web,2024-02-14,18-24,No
SES1319,USR507,Ahmedabad,Web,2024-07-29,45+,No
SES1320,USR175,Bangalore,iOS,2024-11-24,18-24,No
SES1321,USR577,Pune,Android,2024-10-09,25-34,Yes
SES1322,USR543,Delhi,Android,2024-09-22,25-34,No
SES1323,USR268,Bangalore,iOS,2024-12-29,25-34,No
SES1324,USR631,Chennai,Android,2024-05-08,25-34,No
SES1325,USR381,Bangalore,Web,2024-06-04,18-24,No
SES1326,USR756,Bangalore,Web,2024-10-24,25-34,Yes
SES1327,USR774,Pune,Web,2024-01-22,18-24,Yes
SES1328,USR146,Chennai,Web,2024-04-17,45+,No
SES1329,USR754,Delhi,iOS,2024-11-17,35-44,No
SES1330,USR594,Hyderabad,Web,2024-07-26,35-44,No
SES1331,USR174,Delhi,Android,2024-08-13,45+,No
SES1332,USR575,Hyderabad,iOS,2024-11-06,25-34,No
SES1333,USR426,Pune,iOS,2024-03-07,35-44,No
SES1334,USR675,Mumbai,iOS,2024-05-03,45+,Yes
SES1335,USR373,Ahmedabad,Android,2024-03-13,18-24,Yes
SES1336,USR397,Kolkata,Web,2024-08-02,25-34,Yes
SES1337,USR435,Pune,Android,2024-03-22,45+,No
SES1338,USR578,Ahmedabad,iOS,2024-09-11,18-24,Yes
SES1339,USR502,Ahmedabad,Android,2024-04-20,35-44,Yes
SES1340,USR151,Chennai,iOS,2024-11-01,45+,No
SES1341,USR649,Delhi,Android,2024-08-08,25-34,No
SES1342,USR474,Kolkata,iOS,2024-01-24,45+,Yes
SES1343,USR683,Hyderabad,iOS,2024-10-10,35-44,Yes
SES1344,USR495,Ahmedabad,Web,2024-05-23,18-24,Yes
SES1345,USR199,Kolkata,iOS,2024-06-22,35-44,Yes
SES1346,USR303,Kolkata,Web,2024-01-21,18-24,Yes
SES1347,USR240,Pune,iOS,2024-09-22,45+,Yes
SES1348,USR720,Bangalore,iOS,2024-11-09,35-44,Yes
SES1349,USR502,Chennai,Web,2024-06-21,45+,No
SES1350,USR406,Ahmedabad,Android,2024-07-07,35-44,Yes
SES1351,USR526,Chennai,Web,2024-12-18,18-24,No
SES1352,USR585,Chennai,Web,2024-10-23,25-34,Yes
SES1353,USR697,Ahmedabad,Android,2024-09-25,45+,Yes
SES1354,USR797,Hyderabad,Android,2024-10-20,18-24,Yes
SES1355,USR119,Ahmedabad,iOS,2024-08-02,25-34,No
SES1356,USR308,Kolkata,Web,2024-11-09,45+,Yes
SES1357,USR241,Hyderabad,Web,2024-06-15,45+,No
SES1358,USR485,Pune,Android,2024-08-23,35-44,No
SES1359,USR462,Chennai,Web,2024-09-04,25-34,Yes
SES1360,USR385,Chennai,Android,2024-06-01,35-44,Yes
SES1361,USR600,Pune,iOS,2024-06-27,35-44,No
SES1362,USR224,Kolkata,iOS,2024-06-25,25-34,No
SES1363,USR143,Chennai,Web,2024-02-10,35-44,No
SES1364,USR771,Chennai,Web,2024-09-02,25-34,Yes
SES1365,USR651,Chennai,Web,2024-12-22,35-44,Yes
SES1366,USR211,Hyderabad,Android,2024-01-26,25-34,Yes
SES1367,USR153,Mumbai,iOS,2024-06-18,45+,Yes
SES1368,USR797,Bangalore,Android,2024-10-08,25-34,No
SES1369,USR768,Ahmedabad,iOS,2024-11-29,25-34,No
SES1370,USR428,Chennai,Web,2024-01-31,18-24,No
SES1371,USR337,Delhi,Android,2024-08-01,25-34,Yes
SES1372,USR506,Ahmedabad,Android,2024-05-28,18-24,Yes
SES1373,USR405,Mumbai,iOS,2024-05-25,45+,No
SES1374,USR636,Ahmedabad,Android,2024-09-15,45+,No
SES1375,USR297,Mumbai,iOS,2024-03-24,45+,No
SES1376,USR290,Delhi,Web,2024-06-21,35-44,No
SES1377,USR790,Hyderabad,Android,2024-11-08,45+,No
SES1378,USR627,Pune,Android,2024-07-24,18-24,Yes
SES1379,USR243,Ahmedabad,iOS,2024-05-07,18-24,No
SES1380,USR492,Hyderabad,iOS,2024-05-16,35-44,No
SES1381,USR696,Delhi,iOS,2024-11-30,35-44,Yes
SES1382,USR163,Mumbai,iOS,2024-06-06,25-34,No
SES1383,USR614,Chennai,Web,2024-03-01,35-44,No
SES1384,USR729,Hyderabad,Android,2024-03-09,45+,Yes
SES1385,USR565,Pune,iOS,2024-12-25,45+,No
SES1386,USR780,Hyderabad,Android,2024-12-14,18-24,No
SES1387,USR557,Pune,Android,2024-10-15,18-24,Yes
SES1388,USR660,Hyderabad,Web,2024-10-01,25-34,Yes
SES1389,USR435,Ahmedabad,Android,2024-12-14,25-34,No
SES1390,USR600,Mumbai,Web,2024-08-16,18-24,No
SES1391,USR235,Kolkata,iOS,2024-10-15,18-24,No
SES1392,USR573,Chennai,Web,2024-01-12,45+,No
SES1393,USR103,Hyderabad,Web,2024-02-07,18-24,No
SES1394,USR452,Mumbai,Web,2024-01-31,18-24,No
SES1395,USR132,Chennai,iOS,2024-04-02,25-34,No
SES1396,USR483,Kolkata,iOS,2024-07-12,45+,Yes
SES1397,USR799,Bangalore,Web,2024-06-27,18-24,Yes
SES1398,USR650,Kolkata,Web,2024-03-06,25-34,Yes
SES1399,USR123,Chennai,iOS,2024-12-10,45+,No
SES1400,USR488,Hyderabad,Android,2024-08-23,35-44,Yes
SES1401,USR382,Hyderabad,Web,2024-02-27,18-24,No
SES1402,USR729,Delhi,Android,2024-04-15,18-24,Yes
SES1403,USR708,Delhi,iOS,2024-11-02,18-24,Yes
SES1404,USR145,Kolkata,iOS,2024-04-29,25-34,Yes
SES1405,USR243,Chennai,Android,2024-10-21,35-44,No
SES1406,USR712,Pune,Android,2024-06-03,25-34,No
SES1407,USR326,Kolkata,iOS,2024-05-20,18-24,No
SES1408,USR705,Bangalore,Web,2024-12-13,45+,No
SES1409,USR607,Delhi,iOS,2024-11-25,45+,No
SES1410,USR426,Kolkata,iOS,2024-03-17,35-44,No
SES1411,USR288,Ahmedabad,Android,2024-04-25,35-44,Yes
SES1412,USR574,Delhi,Web,2024-07-30,45+,No
SES1413,USR642,Bangalore,iOS,2024-05-04,35-44,Yes
SES1414,USR438,Mumbai,iOS,2024-07-08,18-24,No
SES1415,USR295,Delhi,iOS,2024-07-12,18-24,Yes
SES1416,USR292,Hyderabad,iOS,2024-04-16,35-44,No
SES1417,USR115,Hyderabad,Android,2024-03-01,45+,Yes
SES1418,USR718,Hyderabad,iOS,2024-05-02,35-44,No
SES1419,USR489,Ahmedabad,Web,2024-11-28,35-44,No
SES1420,USR367,Pune,Web,2024-09-11,45+,Yes
SES1421,USR580,Pune,Android,2024-07-08,35-44,No
SES1422,USR146,Hyderabad,Web,2024-03-15,18-24,No
SES1423,USR666,Kolkata,iOS,2024-03-19,25-34,No
SES1424,USR335,Kolkata,Web,2024-05-05,45+,No
SES1425,USR770,Pune,iOS,2024-09-07,45+,No
SES1426,USR272,Pune,Android,2024-03-12,45+,Yes
SES1427,USR655,Delhi,Web,2024-01-18,18-24,Yes
SES1428,USR106,Kolkata,Android,2024-11-18,25-34,Yes
SES1429,USR254,Delhi,Android,2024-09-15,45+,No
SES1430,USR161,Ahmedabad,Web,2024-09-06,18-24,Yes
SES1431,USR644,Kolkata,Android,2024-01-09,35-44,No
SES1432,USR393,Delhi,Web,2024-12-23,45+,Yes
SES1433,USR209,Mumbai,Web,2024-03-17,25-34,Yes
SES1434,USR734,Chennai,iOS,2024-05-16,45+,Yes
SES1435,USR482,Kolkata,iOS,2024-10-16,25-34,Yes
SES1436,USR407,Mumbai,Web,2024-11-28,18-24,Yes
SES1437,USR515,Kolkata,iOS,2024-10-09,45+,Yes
SES1438,USR752,Delhi,Web,2024-03-28,18-24,No
SES1439,USR544,Pune,Web,2024-02-18,18-24,Yes
SES1440,USR316,Ahmedabad,iOS,2024-01-24,18-24,No
SES1441,USR656,Delhi,Android,2024-06-10,18-24,Yes
SES1442,USR701,Bangalore,Web,2024-07-22,18-24,No
SES1443,USR266,Hyderabad,Web,2024-07-18,35-44,No
SES1444,USR243,Mumbai,Web,2024-06-26,18-24,Yes
SES1445,USR547,Hyderabad,Android,2024-06-23,45+,No
SES1446,USR130,Chennai,iOS,2024-09-08,25-34,No
SES1447,USR666,Kolkata,iOS,2024-04-05,45+,Yes
SES1448,USR733,Chennai,Android,2024-02-07,18-24,No
SES1449,USR257,Kolkata,Web,2024-11-20,25-34,No
SES1450,USR424,Pune,Android,2024-02-16,18-24,No
SES1451,USR555,Pune,iOS,2024-02-22,25-34,Yes
SES1452,USR291,Kolkata,iOS,2024-10-12,45+,Yes
SES1453,USR126,Mumbai,iOS,2024-10-10,18-24,No
SES1454,USR712,Pune,iOS,2024-01-07,35-44,No
SES1455,USR497,Mumbai,Web,2024-10-13,25-34,No
SES1456,USR633,Bangalore,Web,2024-07-13,25-34,Yes
SES1457,USR375,Chennai,iOS,2024-09-09,25-34,Yes
SES1458,USR271,Kolkata,iOS,2024-08-03,35-44,No
SES1459,USR178,Pune,iOS,2024-05-06,45+,No
SES1460,USR731,Hyderabad,iOS,2024-02-24,25-34,No
SES1461,USR106,Kolkata,iOS,2024-11-13,45+,No
SES1462,USR550,Pune,iOS,2024-11-29,25-34,No
SES1463,USR428,Hyderabad,iOS,2024-06-09,25-34,No
SES1464,USR426,Chennai,Web,2024-12-21,45+,No
SES1465,USR348,Pune,iOS,2024-05-23,45+,No
SES1466,USR216,Hyderabad,Web,2024-10-06,25-34,No
SES1467,USR127,Ahmedabad,Web,2024-04-17,45+,No
SES1468,USR170,Kolkata,Web,2024-09-12,25-34,No
SES1469,USR347,Chennai,Web,2024-03-19,45+,No
SES1470,USR175,Ahmedabad,Web,2024-09-02,45+,No
SES1471,USR618,Kolkata,Web,2024-01-19,35-44,No
SES1472,USR708,Mumbai,Android,2024-05-07,35-44,Yes
SES1473,USR762,Delhi,Web,2024-11-26,45+,No
SES1474,USR540,Mumbai,Android,2024-02-20,35-44,Yes
SES1475,USR622,Hyderabad,iOS,2024-07-10,45+,No
SES1476,USR795,Bangalore,iOS,2024-01-13,45+,Yes
SES1477,USR402,Kolkata,Android,2024-02-29,25-34,No
SES1478,USR419,Pune,iOS,2024-04-15,45+,No
SES1479,USR587,Mumbai,iOS,2024-12-22,45+,No
SES1480,USR168,Chennai,Android,2024-12-29,18-24,Yes
SES1481,USR451,Mumbai,Web,2024-03-25,25-34,No
SES1482,USR278,Bangalore,iOS,2024-10-13,45+,No
SES1483,USR337,Kolkata,Web,2024-04-04,25-34,No
SES1484,USR505,Delhi,Web,2024-11-10,25-34,No
SES1485,USR706,Kolkata,iOS,2024-01-03,25-34,Yes
SES1486,USR385,Mumbai,Web,2024-02-22,25-34,No
SES1487,USR433,Hyderabad,iOS,2024-02-28,35-44,No
SES1488,USR640,Pune,Web,2024-07-17,45+,No
SES1489,USR216,Pune,iOS,2024-08-22,25-34,No
SES1490,USR729,Mumbai,Web,2024-03-09,35-44,Yes
SES1491,USR344,Chennai,Android,2024-04-03,35-44,Yes
SES1492,USR623,Kolkata,iOS,2024-11-01,25-34,No
SES1493,USR492,Kolkata,Android,2024-09-06,25-34,No
SES1494,USR270,Ahmedabad,iOS,2024-03-12,25-34,No
SES1495,USR561,Delhi,iOS,2024-01-05,45+,Yes
SES1496,USR299,Kolkata,Web,2024-09-15,45+,No
SES1497,USR603,Kolkata,Web,2024-08-15,45+,Yes
SES1498,USR184,Delhi,Android,2024-05-29,18-24,No
SES1499,USR330,Chennai,Android,2024-08-22,45+,No
SES1500,USR623,Mumbai,Web,2024-02-28,35-44,No
SES1501,USR475,Delhi,Web,2024-08-13,25-34,No
SES1502,USR204,Hyderabad,iOS,2024-01-17,45+,No
SES1503,USR456,Mumbai,iOS,2024-03-01,25-34,Yes
SES1504,USR702,Pune,Web,2024-11-08,45+,Yes
SES1505,USR730,Bangalore,Android,2024-04-15,18-24,No
SES1506,USR459,Chennai,Web,2024-10-02,25-34,No
SES1507,USR399,Chennai,Web,2024-05-16,18-24,Yes
SES1508,USR521,Delhi,iOS,2024-12-01,25-34,Yes
SES1509,USR355,Bangalore,Web,2024-06-13,25-34,No
SES1510,USR601,Bangalore,Web,2024-11-19,35-44,No
SES1511,USR484,Ahmedabad,Android,2024-11-20,18-24,No
SES1512,USR627,Chennai,Web,2024-07-07,45+,No
SES1513,USR435,Delhi,Web,2024-02-17,45+,No
SES1514,USR164,Kolkata,Android,2024-08-07,25-34,No
SES1515,USR374,Pune,iOS,2024-06-21,25-34,No
SES1516,USR596,Pune,Web,2024-01-25,18-24,Yes
SES1517,USR741,Ahmedabad,Android,2024-03-04,25-34,No
SES1518,USR567,Delhi,iOS,2024-04-13,25-34,No
SES1519,USR262,Chennai,Android,2024-12-01,35-44,No
SES1520,USR184,Pune,Web,2024-11-28,25-34,Yes
SES1521,USR505,Chennai,Web,2024-12-24,25-34,No
SES1522,USR771,Mumbai,Web,2024-02-18,18-24,Yes
SES1523,USR588,Mumbai,Android,2024-10-30,25-34,No
SES1524,USR796,Ahmedabad,Android,2024-01-05,35-44,Yes
SES1525,USR532,Bangalore,iOS,2024-02-06,25-34,No
SES1526,USR191,Mumbai,Android,2024-06-09,35-44,No
SES1527,USR240,Kolkata,Android,2024-11-24,25-34,Yes
SES1528,USR643,Delhi,Web,2024-11-28,25-34,No
SES1529,USR459,Hyderabad,Web,2024-03-18,45+,No
SES1530,USR553,Hyderabad,Android,2024-02-21,25-34,Yes
SES1531,USR703,Kolkata,iOS,2024-08-07,35-44,Yes
SES1532,USR353,Chennai,Web,2024-02-13,25-34,No
SES1533,USR715,Chennai,Web,2024-01-14,35-44,Yes
SES1534,USR630,Hyderabad,Web,2024-07-19,35-44,Yes
SES1535,USR345,Ahmedabad,iOS,2024-02-27,25-34,No
SES1536,USR753,Mumbai,Web,2024-01-07,35-44,No
SES1537,USR235,Kolkata,Web,2024-08-03,35-44,No
SES1538,USR799,Bangalore,iOS,2024-02-07,18-24,No
SES1539,USR169,Delhi,iOS,2024-04-20,18-24,Yes
SES1540,USR507,Chennai,Web,2024-12-30,45+,No
SES1541,USR511,Mumbai,Web,2024-10-01,25-34,No
SES1542,USR185,Chennai,Android,2024-09-18,25-34,Yes
SES1543,USR649,Pune,iOS,2024-10-27,18-24,No
SES1544,USR547,Hyderabad,Android,2024-05-05,18-24,No
SES1545,USR218,Ahmedabad,Web,2024-11-07,18-24,No
SES1546,USR782,Bangalore,Android,2024-01-07,25-34,Yes
SES1547,USR267,Ahmedabad,iOS,2024-09-24,35-44,Yes
SES1548,USR480,Bangalore,Web,2024-05-17,18-24,Yes
SES1549,USR443,Kolkata,iOS,2024-09-25,18-24,No
SES1550,USR690,Mumbai,iOS,2024-08-21,35-44,Yes
SES1551,USR611,Bangalore,iOS,2024-03-21,35-44,Yes
SES1552,USR687,Mumbai,Android,2024-09-17,18-24,Yes
SES1553,USR112,Hyderabad,Android,2024-08-29,35-44,No
SES1554,USR253,Bangalore,Android,2024-10-10,45+,Yes
SES1555,USR429,Hyderabad,iOS,2024-06-12,35-44,Yes
SES1556,USR685,Pune,Android,2024-09-14,18-24,Yes
SES1557,USR328,Delhi,iOS,2024-02-05,45+,No
SES1558,USR418,Pune,Android,2024-10-10,45+,Yes
SES1559,USR477,Hyderabad,iOS,2024-10-15,35-44,No
SES1560,USR348,Ahmedabad,iOS,2024-10-29,45+,Yes
SES1561,USR659,Hyderabad,Android,2024-01-04,45+,Yes
SES1562,USR338,Pune,Web,2024-12-21,18-24,No
SES1563,USR101,Kolkata,Web,2024-06-06,18-24,Yes
SES1564,USR642,Hyderabad,iOS,2024-09-08,18-24,Yes
SES1565,USR386,Mumbai,Android,2024-04-28,45+,No
SES1566,USR569,Mumbai,Web,2024-02-18,25-34,No
SES1567,USR176,Delhi,iOS,2024-12-05,25-34,Yes
SES1568,USR398,Chennai,iOS,2024-07-20,35-44,No
SES1569,USR563,Chennai,Android,2024-02-08,25-34,Yes
SES1570,USR698,Mumbai,Android,2024-02-24,25-34,No
SES1571,USR577,Pune,iOS,2024-03-02,35-44,Yes
SES1572,USR562,Chennai,iOS,2024-05-15,18-24,Yes
SES1573,USR261,Chennai,Web,2024-12-22,18-24,Yes
SES1574,USR435,Bangalore,Android,2024-12-30,25-34,No
SES1575,USR505,Delhi,Web,2024-06-02,35-44,Yes
SES1576,USR131,Kolkata,iOS,2024-10-11,25-34,Yes
SES1577,USR573,Mumbai,Android,2024-03-03,18-24,Yes
SES1578,USR327,Bangalore,Android,2024-07-24,35-44,Yes
SES1579,USR696,Chennai,Android,2024-01-12,18-24,Yes
SES1580,USR761,Ahmedabad,Android,2024-02-17,35-44,Yes
SES1581,USR143,Ahmedabad,Android,2024-03-27,45+,No
SES1582,USR608,Delhi,iOS,2024-12-15,45+,Yes
SES1583,USR462,Hyderabad,Android,2024-05-20,35-44,No
SES1584,USR252,Delhi,Web,2024-11-13,25-34,No
SES1585,USR610,Kolkata,Web,2024-09-02,18-24,Yes
SES1586,USR386,Kolkata,Android,2024-08-02,25-34,No
SES1587,USR355,Delhi,iOS,2024-07-02,45+,No
SES1588,USR596,Pune,Web,2024-09-14,35-44,No
SES1589,USR376,Bangalore,Android,2024-06-12,25-34,Yes
SES1590,USR387,Delhi,iOS,2024-09-28,35-44,No
SES1591,USR338,Bangalore,Android,2024-05-06,25-34,No
SES1592,USR646,Delhi,Android,2024-10-21,45+,No
SES1593,USR277,Bangalore,Android,2024-10-30,35-44,No
SES1594,USR705,Delhi,Web,2024-12-24,35-44,No
SES1595,USR677,Bangalore,Web,2024-04-06,45+,No
SES1596,USR416,Bangalore,iOS,2024-01-20,18-24,Yes
SES1597,USR338,Hyderabad,Android,2024-09-26,45+,Yes
SES1598,USR439,Hyderabad,Android,2024-06-23,25-34,No
SES1599,USR160,Delhi,Android,2024-10-27,25-34,Yes
SES1600,USR638,Pune,Android,2024-07-10,45+,No
SES1601,USR203,Pune,iOS,2024-06-14,25-34,Yes
SES1602,USR547,Ahmedabad,Web,2024-06-11,25-34,No
SES1603,USR728,Pune,Android,2024-12-06,25-34,No
SES1604,USR414,Chennai,Android,2024-03-31,18-24,No
SES1605,USR500,Delhi,Android,2024-11-04,35-44,No
SES1606,USR326,Mumbai,iOS,2024-03-13,35-44,Yes
SES1607,USR343,Pune,iOS,2024-03-26,18-24,No
SES1608,USR557,Delhi,iOS,2024-04-17,25-34,Yes
SES1609,USR458,Chennai,Android,2024-01-01,18-24,No
SES1610,USR548,Kolkata,Android,2024-07-30,45+,No
SES1611,USR459,Kolkata,Android,2024-09-02,25-34,Yes
SES1612,USR562,Mumbai,Android,2024-05-30,18-24,No
SES1613,USR367,Mumbai,Android,2024-06-24,25-34,No
SES1614,USR264,Mumbai,Web,2024-02-17,35-44,No
SES1615,USR728,Ahmedabad,Web,2024-01-16,45+,Yes
SES1616,USR721,Kolkata,Android,2024-01-28,18-24,No
SES1617,USR310,Hyderabad,iOS,2024-12-22,35-44,No
SES1618,USR404,Hyderabad,Android,2024-01-26,45+,No
SES1619,USR662,Ahmedabad,Android,2024-01-28,35-44,Yes
SES1620,USR537,Mumbai,iOS,2024-12-04,45+,Yes
SES1621,USR199,Delhi,Android,2024-03-28,35-44,Yes
SES1622,USR584,Mumbai,iOS,2024-07-22,45+,No
SES1623,USR776,Chennai,Android,2024-11-24,45+,Yes
SES1624,USR479,Kolkata,iOS,2024-04-05,45+,Yes
SES1625,USR369,Ahmedabad,iOS,2024-05-14,25-34,No
SES1626,USR677,Delhi,Android,2024-12-22,18-24,Yes
SES1627,USR784,Pune,Web,2024-07-30,25-34,No
SES1628,USR162,Kolkata,Web,2024-08-02,45+,No
SES1629,USR341,Ahmedabad,iOS,2024-02-10,45+,Yes
SES1630,USR614,Bangalore,Android,2024-08-17,25-34,Yes
SES1631,USR316,Hyderabad,Android,2024-01-22,45+,Yes
SES1632,USR799,Kolkata,Android,2024-11-17,25-34,No
SES1633,USR364,Pune,Web,2024-02-04,18-24,No
SES1634,USR669,Kolkata,Web,2024-06-15,35-44,No
SES1635,USR569,Delhi,Web,2024-11-15,45+,Yes
SES1636,USR524,Bangalore,Android,2024-10-17,18-24,Yes
SES1637,USR676,Mumbai,iOS,2024-10-01,35-44,No
SES1638,USR370,Kolkata,Web,2024-09-05,45+,Yes
SES1639,USR276,Chennai,iOS,2024-03-14,45+,Yes
SES1640,USR505,Pune,Web,2024-05-01,18-24,No
SES1641,USR375,Pune,Android,2024-06-21,35-44,No
SES1642,USR387,Ahmedabad,Web,2024-12-16,18-24,Yes
SES1643,USR237,Chennai,Web,2024-08-14,35-44,No
SES1644,USR526,Mumbai,Android,2024-08-14,25-34,No
SES1645,USR596,Pune,Android,2024-09-20,25-34,Yes
SES1646,USR418,Kolkata,Android,2024-09-25,18-24,Yes
SES1647,USR297,Hyderabad,Android,2024-05-07,18-24,No
SES1648,USR151,Pune,Web,2024-04-11,35-44,No
SES1649,USR575,Kolkata,Web,2024-03-04,18-24,Yes
SES1650,USR481,Ahmedabad,Web,2024-08-16,25-34,No
SES1651,USR700,Pune,iOS,2024-03-24,35-44,Yes
SES1652,USR391,Delhi,iOS,2024-01-26,25-34,No
SES1653,USR319,Hyderabad,Web,2024-04-25,25-34,No
SES1654,USR767,Kolkata,Web,2024-01-11,18-24,No
SES1655,USR235,Bangalore,Web,2024-01-05,25-34,No
SES1656,USR722,Chennai,Web,2024-12-29,35-44,No
SES1657,USR485,Pune,iOS,2024-05-09,25-34,No
SES1658,USR409,Kolkata,Web,2024-02-22,18-24,No
SES1659,USR778,Pune,Web,2024-11-27,35-44,No
SES1660,USR800,Mumbai,iOS,2024-02-02,35-44,No
SES1661,USR755,Pune,iOS,2024-05-13,35-44,Yes
SES1662,USR253,Hyderabad,Android,2024-11-03,45+,No
SES1663,USR797,Bangalore,Web,2024-01-14,45+,No
SES1664,USR365,Kolkata,iOS,2024-07-17,18-24,No
SES1665,USR685,Hyderabad,iOS,2024-04-23,45+,No
SES1666,USR619,Chennai,Android,2024-12-02,25-34,No
SES1667,USR199,Ahmedabad,Android,2024-05-12,25-34,No
SES1668,USR770,Mumbai,Android,2024-06-30,25-34,No
SES1669,USR530,Pune,iOS,2024-05-13,35-44,No
SES1670,USR220,Ahmedabad,Android,2024-11-20,18-24,No
SES1671,USR299,Mumbai,Web,2024-07-14,35-44,No
SES1672,USR155,Bangalore,Android,2024-04-12,35-44,No
SES1673,USR683,Ahmedabad,Android,2024-06-10,25-34,Yes
SES1674,USR599,Pune,Web,2024-03-31,35-44,Yes
SES1675,USR104,Ahmedabad,iOS,2024-04-17,25-34,No
SES1676,USR262,Ahmedabad,Android,2024-03-07,45+,No
SES1677,USR513,Kolkata,iOS,2024-07-15,18-24,Yes
SES1678,USR646,Hyderabad,Web,2024-07-10,18-24,No
SES1679,USR643,Hyderabad,Android,2024-12-12,18-24,Yes
SES1680,USR331,Pune,iOS,2024-03-07,18-24,No
SES1681,USR615,Chennai,Android,2024-02-03,18-24,No
SES1682,USR397,Ahmedabad,Web,2024-09-23,35-44,No
SES1683,USR237,Pune,iOS,2024-07-02,25-34,Yes
SES1684,USR513,Delhi,Android,2024-04-24,25-34,Yes
SES1685,USR122,Bangalore,Android,2024-07-06,18-24,No
SES1686,USR755,Chennai,Web,2024-11-15,18-24,No
SES1687,USR149,Mumbai,Web,2024-01-11,18-24,Yes
SES1688,USR526,Ahmedabad,iOS,2024-03-04,35-44,No
SES1689,USR256,Hyderabad,Web,2024-12-17,18-24,No
SES1690,USR530,Mumbai,Web,2024-09-23,35-44,No
SES1691,USR720,Bangalore,iOS,2024-02-23,18-24,No
SES1692,USR216,Mumbai,iOS,2024-04-11,25-34,No
SES1693,USR635,Hyderabad,iOS,2024-12-26,45+,No
SES1694,USR264,Delhi,Web,2024-09-11,25-34,No
SES1695,USR438,Hyderabad,Android,2024-01-07,18-24,Yes
SES1696,USR687,Ahmedabad,Android,2024-02-16,18-24,Yes
SES1697,USR362,Hyderabad,iOS,2024-05-31,35-44,No
SES1698,USR151,Mumbai,Android,2024-01-21,35-44,No
SES1699,USR793,Pune,iOS,2024-02-29,18-24,Yes
SES1700,USR109,Bangalore,Web,2024-11-27,25-34,No
SES1701,USR466,Ahmedabad,Web,2024-05-17,18-24,No
SES1702,USR450,Bangalore,Android,2024-07-24,45+,No
SES1703,USR378,Kolkata,Web,2024-09-01,45+,Yes
SES1704,USR215,Bangalore,Web,2024-01-31,25-34,Yes
SES1705,USR526,Ahmedabad,Web,2024-12-13,45+,Yes
SES1706,USR725,Kolkata,iOS,2024-11-09,18-24,Yes
SES1707,USR594,Ahmedabad,Android,2024-07-29,45+,Yes
SES1708,USR164,Chennai,Web,2024-06-09,18-24,No
SES1709,USR690,Hyderabad,Web,2024-06-22,18-24,No
SES1710,USR777,Hyderabad,iOS,2024-06-26,45+,Yes
SES1711,USR671,Delhi,Android,2024-11-25,25-34,No
SES1712,USR580,Ahmedabad,Android,2024-02-08,45+,No
SES1713,USR346,Pune,iOS,2024-01-26,25-34,No
SES1714,USR758,Kolkata,iOS,2024-04-30,18-24,No
SES1715,USR554,Ahmedabad,Android,2024-09-12,45+,No
SES1716,USR221,Ahmedabad,Web,2024-11-30,18-24,Yes
SES1717,USR513,Kolkata,Android,2024-10-12,18-24,Yes
SES1718,USR718,Chennai,Web,2024-10-14,25-34,No
SES1719,USR449,Pune,Android,2024-04-24,45+,No
SES1720,USR673,Ahmedabad,Web,2024-12-02,35-44,No
SES1721,USR216,Mumbai,Web,2024-04-23,18-24,No
SES1722,USR463,Chennai,Web,2024-09-24,35-44,Yes
SES1723,USR146,Bangalore,iOS,2024-03-12,45+,Yes
SES1724,USR360,Hyderabad,Android,2024-03-02,45+,Yes
SES1725,USR568,Hyderabad,Web,2024-06-22,18-24,No
SES1726,USR147,Mumbai,iOS,2024-08-22,25-34,No
SES1727,USR104,Delhi,Web,2024-08-09,45+,No
SES1728,USR281,Bangalore,Web,2024-03-06,18-24,No
SES1729,USR773,Pune,Web,2024-07-15,45+,No
SES1730,USR354,Chennai,iOS,2024-06-24,35-44,No
SES1731,USR236,Bangalore,iOS,2024-11-04,35-44,No
SES1732,USR421,Hyderabad,Android,2024-04-17,35-44,No
SES1733,USR788,Bangalore,Web,2024-11-28,25-34,No
SES1734,USR655,Pune,Web,2024-02-29,35-44,No
SES1735,USR591,Kolkata,Web,2024-09-30,35-44,No
SES1736,USR113,Mumbai,Android,2024-07-14,25-34,Yes
SES1737,USR786,Delhi,Android,2024-05-16,25-34,No
SES1738,USR799,Chennai,Android,2024-02-01,35-44,Yes
SES1739,USR654,Delhi,iOS,2024-08-19,18-24,No
SES1740,USR791,Hyderabad,Web,2024-11-27,45+,Yes
SES1741,USR623,Chennai,Web,2024-12-06,18-24,No
SES1742,USR496,Kolkata,Web,2024-06-09,18-24,Yes
SES1743,USR357,Hyderabad,Web,2024-08-14,25-34,No
SES1744,USR702,Hyderabad,Web,2024-04-09,35-44,No
SES1745,USR281,Mumbai,Android,2024-03-29,18-24,No
SES1746,USR141,Kolkata,iOS,2024-10-11,35-44,Yes
SES1747,USR264,Chennai,Android,2024-06-18,45+,Yes
SES1748,USR140,Bangalore,iOS,2024-11-01,18-24,No
SES1749,USR777,Chennai,iOS,2024-10-20,35-44,Yes
SES1750,USR425,Hyderabad,Android,2024-09-23,18-24,No
SES1751,USR263,Kolkata,Web,2024-10-01,45+,Yes
SES1752,USR457,Hyderabad,Android,2024-12-05,35-44,No
SES1753,USR469,Chennai,Android,2024-11-12,45+,No
SES1754,USR764,Delhi,Android,2024-12-08,35-44,No
SES1755,USR346,Hyderabad,Android,2024-12-15,35-44,No
SES1756,USR216,Kolkata,iOS,2024-10-03,35-44,Yes
SES1757,USR629,Pune,Web,2024-09-17,45+,No
SES1758,USR144,Chennai,Web,2024-04-08,35-44,No
SES1759,USR184,Mumbai,Android,2024-10-02,18-24,Yes
SES1760,USR315,Hyderabad,Web,2024-08-05,18-24,Yes
SES1761,USR650,Kolkata,Web,2024-02-06,25-34,Yes
SES1762,USR570,Pune,Android,2024-02-14,18-24,Yes
SES1763,USR282,Chennai,Web,2024-02-06,25-34,No
SES1764,USR517,Kolkata,iOS,2024-11-18,45+,No
SES1765,USR423,Delhi,iOS,2024-12-10,18-24,No
SES1766,USR106,Mumbai,Web,2024-10-26,18-24,Yes
SES1767,USR466,Mumbai,iOS,2024-12-17,35-44,No
SES1768,USR188,Chennai,iOS,2024-07-14,45+,Yes
SES1769,USR585,Bangalore,Web,2024-04-22,25-34,No
SES1770,USR658,Chennai,Web,2024-03-14,35-44,No
SES1771,USR111,Bangalore,Android,2024-01-22,18-24,No
SES1772,USR710,Kolkata,Web,2024-10-07,18-24,No
SES1773,USR315,Pune,Android,2024-07-30,25-34,Yes
SES1774,USR288,Hyderabad,Web,2024-05-09,25-34,Yes
SES1775,USR285,Delhi,Web,2024-08-24,18-24,No
SES1776,USR787,Mumbai,iOS,2024-02-20,25-34,No
SES1777,USR598,Pune,iOS,2024-03-06,25-34,Yes
SES1778,USR391,Mumbai,Android,2024-06-11,45+,No
SES1779,USR436,Chennai,Web,2024-10-26,25-34,No
SES1780,USR680,Pune,iOS,2024-08-07,25-34,Yes
SES1781,USR420,Hyderabad,Android,2024-12-30,45+,No
SES1782,USR468,Bangalore,Web,2024-06-18,45+,No
SES1783,USR556,Pune,iOS,2024-09-06,18-24,Yes
SES1784,USR761,Mumbai,iOS,2024-03-12,25-34,No
SES1785,USR741,Mumbai,Web,2024-02-08,18-24,No
SES1786,USR746,Delhi,Web,2024-10-23,45+,No
SES1787,USR317,Delhi,Web,2024-05-13,45+,Yes
SES1788,USR474,Kolkata,Android,2024-10-28,35-44,Yes
SES1789,USR575,Mumbai,iOS,2024-07-05,18-24,Yes
SES1790,USR728,Bangalore,Web,2024-03-12,45+,Yes
SES1791,USR283,Bangalore,Web,2024-09-04,35-44,Yes
SES1792,USR324,Ahmedabad,Android,2024-02-02,35-44,No
SES1793,USR339,Delhi,Web,2024-04-15,35-44,No
SES1794,USR580,Ahmedabad,Android,2024-01-21,35-44,Yes
SES1795,USR633,Chennai,Web,2024-05-14,25-34,No
SES1796,USR769,Kolkata,iOS,2024-10-27,18-24,No
SES1797,USR357,Kolkata,Android,2024-09-21,45+,No
SES1798,USR453,Ahmedabad,iOS,2024-11-05,18-24,No
SES1799,USR242,Ahmedabad,Android,2024-04-27,18-24,No
SES1800,USR758,Chennai,Android,2024-03-17,25-34,Yes
SES1801,USR470,Mumbai,Web,2024-04-27,45+,No
SES1802,USR216,Ahmedabad,Web,2024-09-02,45+,Yes
SES1803,USR704,Bangalore,Web,2024-07-29,18-24,Yes
SES1804,USR144,Bangalore,Web,2024-10-30,25-34,Yes
SES1805,USR744,Delhi,Web,2024-03-16,18-24,Yes
SES1806,USR364,Bangalore,Web,2024-07-26,18-24,No
SES1807,USR187,Hyderabad,iOS,2024-11-06,45+,No
SES1808,USR274,Hyderabad,iOS,2024-11-03,25-34,No
SES1809,USR286,Chennai,Android,2024-12-17,35-44,No
SES1810,USR710,Mumbai,Android,2024-07-12,45+,Yes
SES1811,USR211,Delhi,Android,2024-09-24,45+,Yes
SES1812,USR720,Mumbai,Android,2024-08-31,18-24,No
SES1813,USR615,Mumbai,Android,2024-09-03,25-34,No
SES1814,USR652,Delhi,Web,2024-11-28,45+,No
SES1815,USR530,Pune,Android,2024-12-23,45+,Yes
SES1816,USR593,Kolkata,iOS,2024-10-28,18-24,No
SES1817,USR237,Chennai,iOS,2024-04-29,18-24,No
SES1818,USR712,Kolkata,iOS,2024-04-06,18-24,Yes
SES1819,USR691,Mumbai,Web,2024-01-04,45+,Yes
SES1820,USR423,Kolkata,iOS,2024-02-24,25-34,No
SES1821,USR767,Chennai,iOS,2024-10-01,45+,No
SES1822,USR474,Chennai,Web,2024-07-22,25-34,No
SES1823,USR665,Ahmedabad,Android,2024-07-08,45+,No
SES1824,USR414,Pune,Web,2024-07-22,25-34,Yes
SES1825,USR335,Ahmedabad,Web,2024-03-23,18-24,Yes
SES1826,USR620,Kolkata,iOS,2024-10-08,18-24,Yes
SES1827,USR498,Delhi,Android,2024-03-15,45+,No
SES1828,USR545,Mumbai,Android,2024-05-14,25-34,No
SES1829,USR181,Delhi,Web,2024-07-15,45+,No
SES1830,USR771,Chennai,Web,2024-11-01,18-24,Yes
SES1831,USR755,Ahmedabad,iOS,2024-01-06,25-34,No
SES1832,USR392,Hyderabad,Android,2024-11-02,25-34,No
SES1833,USR273,Delhi,iOS,2024-05-02,18-24,Yes
SES1834,USR188,Chennai,iOS,2024-06-29,45+,No
SES1835,USR700,Hyderabad,Web,2024-01-08,18-24,Yes
SES1836,USR662,Chennai,Web,2024-10-13,35-44,No
SES1837,USR383,Hyderabad,Web,2024-04-09,45+,No
SES1838,USR688,Delhi,iOS,2024-03-30,45+,No
SES1839,USR209,Mumbai,Web,2024-05-30,35-44,Yes
SES1840,USR625,Chennai,Web,2024-10-21,35-44,No
SES1841,USR486,Ahmedabad,Android,2024-06-22,45+,No
SES1842,USR700,Delhi,iOS,2024-02-29,35-44,Yes
SES1843,USR491,Hyderabad,Web,2024-12-25,25-34,No
SES1844,USR522,Pune,Web,2024-10-01,18-24,No
SES1845,USR354,Chennai,Android,2024-07-23,35-44,Yes
SES1846,USR667,Bangalore,iOS,2024-06-09,35-44,Yes
SES1847,USR687,Chennai,Android,2024-12-15,25-34,No
SES1848,USR304,Hyderabad,Web,2024-05-03,35-44,Yes
SES1849,USR334,Hyderabad,Android,2024-11-12,35-44,Yes
SES1850,USR209,Mumbai,Android,2024-12-12,45+,No
SES1851,USR106,Delhi,iOS,2024-07-09,35-44,No
SES1852,USR688,Chennai,iOS,2024-04-03,35-44,No
SES1853,USR327,Bangalore,Android,2024-09-26,45+,No
SES1854,USR653,Delhi,Web,2024-06-26,45+,Yes
SES1855,USR568,Mumbai,Web,2024-09-22,45+,No
SES1856,USR108,Delhi,Web,2024-04-17,45+,No
SES1857,USR203,Pune,iOS,2024-11-09,35-44,Yes
SES1858,USR661,Chennai,Android,2024-05-17,45+,No
SES1859,USR451,Pune,Android,2024-09-12,45+,Yes
SES1860,USR529,Pune,iOS,2024-07-24,35-44,No
SES1861,USR284,Bangalore,Web,2024-12-17,25-34,Yes
SES1862,USR376,Hyderabad,Web,2024-08-09,45+,Yes
SES1863,USR249,Bangalore,iOS,2024-01-05,25-34,No
SES1864,USR611,Bangalore,Web,2024-09-21,35-44,No
SES1865,USR407,Chennai,Web,2024-10-17,18-24,No
SES1866,USR201,Bangalore,Android,2024-04-20,35-44,No
SES1867,USR744,Mumbai,iOS,2024-06-20,35-44,No
SES1868,USR468,Chennai,iOS,2024-01-11,45+,Yes
SES1869,USR459,Hyderabad,Web,2024-10-21,25-34,No
SES1870,USR463,Pune,Web,2024-09-18,45+,No
SES1871,USR180,Kolkata,Web,2024-05-26,45+,Yes
SES1872,USR271,Pune,iOS,2024-11-19,45+,Yes
SES1873,USR181,Bangalore,iOS,2024-04-26,35-44,No
SES1874,USR768,Chennai,Web,2024-05-16,45+,No
SES1875,USR555,Pune,Web,2024-10-27,45+,No
SES1876,USR271,Bangalore,Android,2024-03-05,25-34,No
SES1877,USR181,Hyderabad,Android,2024-07-22,18-24,Yes
SES1878,USR165,Ahmedabad,Web,2024-01-28,18-24,No
SES1879,USR636,Mumbai,Android,2024-05-14,25-34,Yes
SES1880,USR770,Kolkata,iOS,2024-04-27,25-34,No
SES1881,USR553,Bangalore,Android,2024-09-26,25-34,Yes
SES1882,USR135,Pune,iOS,2024-08-31,45+,No
SES1883,USR378,Ahmedabad,Android,2024-12-23,25-34,No
SES1884,USR711,Ahmedabad,Web,2024-11-21,45+,No
SES1885,USR755,Chennai,iOS,2024-09-03,25-34,Yes
SES1886,USR552,Chennai,iOS,2024-07-30,35-44,Yes
SES1887,USR410,Delhi,Android,2024-09-24,25-34,No
SES1888,USR393,Ahmedabad,Web,2024-01-05,45+,No
SES1889,USR406,Delhi,iOS,2024-05-29,25-34,Yes
SES1890,USR661,Pune,Android,2024-07-29,45+,No
SES1891,USR355,Bangalore,Web,2024-11-26,45+,No
SES1892,USR325,Chennai,Android,2024-08-04,25-34,No
SES1893,USR727,Chennai,iOS,2024-11-28,35-44,No
SES1894,USR292,Mumbai,Android,2024-03-10,35-44,Yes
SES1895,USR752,Ahmedabad,Web,2024-08-19,35-44,No
SES1896,USR603,Hyderabad,iOS,2024-01-10,25-34,Yes
SES1897,USR647,Delhi,Android,2024-02-22,35-44,No
SES1898,USR228,Ahmedabad,Web,2024-01-05,25-34,Yes
SES1899,USR254,Delhi,iOS,2024-04-21,35-44,No
SES1900,USR419,Ahmedabad,iOS,2024-08-25,18-24,No
SES1901,USR182,Bangalore,Android,2024-05-16,45+,Yes
SES1902,USR656,Ahmedabad,Android,2024-04-08,35-44,No
SES1903,USR112,Mumbai,Web,2024-05-07,45+,No
SES1904,USR353,Delhi,Android,2024-08-23,18-24,No
SES1905,USR781,Hyderabad,iOS,2024-07-18,35-44,No
SES1906,USR262,Delhi,Web,2024-10-08,18-24,No
SES1907,USR592,Chennai,Android,2024-07-03,18-24,Yes
SES1908,USR215,Hyderabad,Web,2024-08-10,35-44,Yes
SES1909,USR271,Chennai,Web,2024-03-02,45+,Yes
SES1910,USR109,Delhi,Web,2024-12-19,45+,No
SES1911,USR258,Pune,Android,2024-05-07,25-34,No
SES1912,USR193,Pune,Web,2024-01-31,18-24,No
SES1913,USR760,Bangalore,Web,2024-10-01,18-24,Yes
SES1914,USR599,Hyderabad,iOS,2024-10-12,35-44,No
SES1915,USR297,Delhi,Web,2024-07-12,35-44,Yes
SES1916,USR356,Delhi,iOS,2024-12-27,45+,No
SES1917,USR401,Ahmedabad,Android,2024-10-17,25-34,No
SES1918,USR456,Pune,Web,2024-08-27,35-44,No
SES1919,USR667,Bangalore,Android,2024-09-28,25-34,No
SES1920,USR402,Chennai,Web,2024-07-06,45+,Yes
SES1921,USR753,Kolkata,Web,2024-04-04,18-24,No
SES1922,USR472,Hyderabad,iOS,2024-02-02,45+,Yes
SES1923,USR636,Ahmedabad,Web,2024-03-19,35-44,No
SES1924,USR519,Pune,Android,2024-02-19,18-24,Yes
SES1925,USR232,Bangalore,Android,2024-04-13,18-24,No
SES1926,USR296,Mumbai,Android,2024-10-19,45+,No
SES1927,USR638,Chennai,Android,2024-07-06,25-34,No
SES1928,USR172,Delhi,Android,2024-12-01,45+,Yes
SES1929,USR579,Delhi,iOS,2024-10-12,45+,No
SES1930,USR159,Chennai,Web,2024-01-21,18-24,No
SES1931,USR179,Hyderabad,Web,2024-02-19,18-24,Yes
SES1932,USR644,Kolkata,Android,2024-04-08,25-34,No
SES1933,USR740,Bangalore,Web,2024-10-12,45+,Yes
SES1934,USR753,Pune,Web,2024-08-22,45+,Yes
SES1935,USR270,Bangalore,Web,2024-07-24,35-44,Yes
SES1936,USR646,Ahmedabad,iOS,2024-06-10,35-44,No
SES1937,USR522,Kolkata,Web,2024-06-14,25-34,No
SES1938,USR658,Hyderabad,iOS,2024-10-08,35-44,No
SES1939,USR563,Ahmedabad,iOS,2024-01-01,18-24,No
SES1940,USR710,Delhi,Web,2024-03-10,35-44,Yes
SES1941,USR407,Hyderabad,Android,2024-06-10,18-24,No
SES1942,USR666,Bangalore,Android,2024-01-20,45+,No
SES1943,USR259,Bangalore,iOS,2024-07-06,25-34,Yes
SES1944,USR362,Chennai,Android,2024-10-19,45+,No
SES1945,USR322,Mumbai,Web,2024-06-15,45+,Yes
SES1946,USR599,Mumbai,Web,2024-11-24,35-44,Yes
SES1947,USR690,Kolkata,Android,2024-01-29,35-44,No
SES1948,USR544,Kolkata,Android,2024-04-26,18-24,No
SES1949,USR155,Chennai,Web,2024-01-22,35-44,No
SES1950,USR678,Bangalore,iOS,2024-09-14,25-34,Yes
SES1951,USR151,Kolkata,iOS,2024-10-31,18-24,Yes
SES1952,USR542,Chennai,iOS,2024-03-16,25-34,No
SES1953,USR184,Ahmedabad,Web,2024-01-26,45+,No
SES1954,USR187,Kolkata,Web,2024-08-10,25-34,Yes
SES1955,USR592,Hyderabad,iOS,2024-07-21,25-34,No
SES1956,USR730,Hyderabad,Android,2024-02-06,35-44,No
SES1957,USR431,Mumbai,Android,2024-12-09,45+,No
SES1958,USR474,Pune,Android,2024-06-13,35-44,No
SES1959,USR771,Delhi,iOS,2024-03-27,35-44,No
SES1960,USR552,Bangalore,iOS,2024-01-23,25-34,Yes
SES1961,USR482,Bangalore,Web,2024-02-13,18-24,Yes
SES1962,USR348,Bangalore,iOS,2024-01-08,35-44,Yes
SES1963,USR412,Ahmedabad,iOS,2024-01-12,35-44,Yes
SES1964,USR650,Hyderabad,Android,2024-10-06,35-44,No
SES1965,USR594,Bangalore,Web,2024-12-23,18-24,No
SES1966,USR696,Delhi,iOS,2024-03-28,18-24,No
SES1967,USR305,Chennai,Android,2024-08-26,18-24,Yes
SES1968,USR497,Chennai,Web,2024-12-03,35-44,Yes
SES1969,USR119,Chennai,Web,2024-07-16,25-34,No
SES1970,USR620,Mumbai,iOS,2024-09-05,18-24,Yes
SES1971,USR303,Ahmedabad,Web,2024-12-30,18-24,Yes
SES1972,USR353,Chennai,iOS,2024-09-07,45+,Yes
SES1973,USR118,Pune,Web,2024-06-29,35-44,No
SES1974,USR341,Chennai,Android,2024-11-16,35-44,No
SES1975,USR130,Chennai,Android,2024-03-18,35-44,No
SES1976,USR772,Bangalore,Android,2024-07-14,25-34,No
SES1977,USR346,Bangalore,iOS,2024-06-08,35-44,No
SES1978,USR655,Bangalore,Android,2024-11-30,25-34,No
SES1979,USR654,Hyderabad,Android,2024-06-07,25-34,No
SES1980,USR248,Bangalore,iOS,2024-02-04,18-24,Yes
SES1981,USR425,Bangalore,Web,2024-01-16,35-44,No
SES1982,USR521,Chennai,iOS,2024-11-22,35-44,Yes
SES1983,USR292,Mumbai,Android,2024-04-04,18-24,No
SES1984,USR731,Chennai,Web,2024-10-17,25-34,No
SES1985,USR337,Hyderabad,Web,2024-01-14,35-44,Yes
SES1986,USR588,Bangalore,Web,2024-11-05,45+,No
SES1987,USR288,Kolkata,iOS,2024-08-30,25-34,Yes
SES1988,USR297,Hyderabad,Android,2024-07-28,18-24,No
SES1989,USR522,Hyderabad,Web,2024-12-09,25-34,Yes
SES1990,USR167,Bangalore,iOS,2024-11-11,45+,No
SES1991,USR568,Hyderabad,iOS,2024-07-26,18-24,No
SES1992,USR489,Pune,iOS,2024-11-09,18-24,No
SES1993,USR211,Ahmedabad,iOS,2024-01-22,25-34,No
SES1994,USR650,Kolkata,Web,2024-01-21,45+,No
SES1995,USR745,Delhi,Android,2024-05-29,45+,No
SES1996,USR411,Chennai,iOS,2024-03-26,45+,No
SES1997,USR727,Delhi,Web,2024-09-21,25-34,No
SES1998,USR761,Ahmedabad,Android,2024-09-13,18-24,Yes
SES1999,USR699,Bangalore,iOS,2024-07-30,35-44,No
SES2000,USR125,Bangalore,iOS,2024-10-29,25-34,No